x,spin up,spin down
-20.0,0.0,0.0
-19.95995995995996,0.0,0.0
-19.91991991991992,0.0,0.0
-19.87987987987988,0.0,0.0
-19.83983983983984,0.0,0.0
-19.7997997997998,0.0,0.0
-19.75975975975976,0.0,0.0
-19.71971971971972,0.0,0.0
-19.67967967967968,0.0,0.0
-19.63963963963964,0.0,0.0
-19.5995995995996,0.0,0.0
-19.55955955955956,0.0,0.0
-19.51951951951952,0.0,0.0
-19.47947947947948,0.0,0.0
-19.43943943943944,0.0,0.0
-19.3993993993994,0.0,0.0
-19.35935935935936,0.0,0.0
-19.31931931931932,0.0,0.0
-19.27927927927928,0.0,0.0
-19.23923923923924,0.0,0.0
-19.1991991991992,0.0,0.0
-19.15915915915916,0.0,0.0
-19.11911911911912,0.0,0.0
-19.07907907907908,0.0,0.0
-19.03903903903904,0.0,0.0
-18.998998998999,0.0,0.0
-18.95895895895896,0.0,0.0
-18.91891891891892,0.0,0.0
-18.87887887887888,0.0,0.0
-18.83883883883884,0.0,0.0
-18.7987987987988,0.0,0.0
-18.75875875875876,0.0,0.0
-18.71871871871872,0.0,0.0
-18.67867867867868,0.0,0.0
-18.63863863863864,0.0,0.0
-18.5985985985986,0.0,0.0
-18.55855855855856,0.0,0.0
-18.51851851851852,0.0,0.0
-18.47847847847848,0.0,0.0
-18.43843843843844,0.0,0.0
-18.3983983983984,0.0,0.0
-18.35835835835836,0.0,0.0
-18.31831831831832,0.0,0.0
-18.27827827827828,0.0,0.0
-18.23823823823824,0.0,0.0
-18.1981981981982,0.0,0.0
-18.15815815815816,0.0,0.0
-18.11811811811812,0.0,0.0
-18.07807807807808,0.0,0.0
-18.03803803803804,0.0,0.0
-17.997997997998,0.0,0.0
-17.95795795795796,0.0,0.0
-17.91791791791792,0.0,0.0
-17.87787787787788,0.0,0.0
-17.83783783783784,0.0,0.0
-17.7977977977978,0.0,0.0
-17.75775775775776,0.0,0.0
-17.71771771771772,0.0,0.0
-17.67767767767768,0.0,0.0
-17.63763763763764,0.0,0.0
-17.5975975975976,0.0,0.0
-17.55755755755756,0.0,0.0
-17.51751751751752,0.0,0.0
-17.47747747747748,0.0,0.0
-17.43743743743744,0.0,0.0
-17.3973973973974,0.0,0.0
-17.35735735735736,0.0,0.0
-17.31731731731732,0.0,0.0
-17.27727727727728,0.0,0.0
-17.237237237237238,0.0,0.0
-17.197197197197198,0.0,0.0
-17.157157157157158,0.0,0.0
-17.117117117117118,0.0,0.0
-17.077077077077078,0.0,0.0
-17.037037037037038,0.0,0.0
-16.996996996996998,0.0,0.0
-16.956956956956958,0.0,0.0
-16.916916916916918,0.0,0.0
-16.876876876876878,0.0,0.0
-16.836836836836838,0.0,0.0
-16.796796796796798,0.0,0.0
-16.756756756756758,0.0,0.0
-16.716716716716718,0.0,0.0
-16.676676676676678,0.0,0.0
-16.636636636636638,0.0,0.0
-16.596596596596598,0.0,0.0
-16.556556556556558,0.0,0.0
-16.516516516516518,0.0,0.0
-16.476476476476478,0.0,0.0
-16.436436436436438,0.0,0.0
-16.396396396396398,0.0,0.0
-16.356356356356358,0.0,0.0
-16.316316316316318,0.0,0.0
-16.276276276276278,0.0,0.0
-16.236236236236238,0.0,0.0
-16.196196196196198,0.0,0.0
-16.156156156156158,0.0,0.0
-16.116116116116117,0.0,0.0
-16.076076076076077,0.0,0.0
-16.036036036036037,0.0,0.0
-15.995995995995996,0.0,0.0
-15.955955955955956,0.0,0.0
-15.915915915915916,0.0,0.0
-15.875875875875876,0.0,0.0
-15.835835835835836,0.0,0.0
-15.795795795795796,0.0,0.0
-15.755755755755755,0.0,0.0
-15.715715715715715,0.0,0.0
-15.675675675675675,0.0,0.0
-15.635635635635635,0.0,0.0
-15.595595595595595,0.0,0.0
-15.555555555555555,0.0,0.0
-15.515515515515515,0.0,0.0
-15.475475475475475,0.0,0.0
-15.435435435435435,0.0,0.0
-15.395395395395395,0.0,0.0
-15.355355355355355,0.0,0.0
-15.315315315315315,0.0,0.0
-15.275275275275275,0.0,0.0
-15.235235235235235,0.0,0.0
-15.195195195195195,0.0,0.0
-15.155155155155155,0.0,0.0
-15.115115115115115,0.0,0.0
-15.075075075075075,0.0,0.0
-15.035035035035035,0.0,0.0
-14.994994994994995,0.0,0.0
-14.954954954954955,0.0,0.0
-14.914914914914915,0.0,0.0
-14.874874874874875,0.0,0.0
-14.834834834834835,0.0,0.0
-14.794794794794795,0.0,0.0
-14.754754754754755,0.0,0.0
-14.714714714714715,0.0,0.0
-14.674674674674675,0.0,0.0
-14.634634634634635,0.0,0.0
-14.594594594594595,0.0,0.0
-14.554554554554555,0.0,0.0
-14.514514514514515,0.0,0.0
-14.474474474474475,0.0,0.0
-14.434434434434435,0.0,0.0
-14.394394394394395,0.0,0.0
-14.354354354354355,0.0,0.0
-14.314314314314315,0.0,0.0
-14.274274274274275,0.0,0.0
-14.234234234234235,0.0,0.0
-14.194194194194194,0.0,0.0
-14.154154154154154,0.0,0.0
-14.114114114114114,0.0,0.0
-14.074074074074074,0.0,0.0
-14.034034034034034,0.0,0.0
-13.993993993993994,0.0,0.0
-13.953953953953954,0.0,0.0
-13.913913913913914,0.0,0.0
-13.873873873873874,0.0,0.0
-13.833833833833834,0.0,0.0
-13.793793793793794,0.0,0.0
-13.753753753753754,0.0,0.0
-13.713713713713714,0.0,0.0
-13.673673673673674,0.0,0.0
-13.633633633633634,0.0,0.0
-13.593593593593594,0.0,0.0
-13.553553553553552,0.0,0.0
-13.513513513513512,0.0,0.0
-13.473473473473472,0.0,0.0
-13.433433433433432,0.0,0.0
-13.393393393393392,0.0,0.0
-13.353353353353352,0.0,0.0
-13.313313313313312,0.0,0.0
-13.273273273273272,0.0,0.0
-13.233233233233232,0.0,0.0
-13.193193193193192,0.0,0.0
-13.153153153153152,0.0,0.0
-13.113113113113112,0.0,0.0
-13.073073073073072,0.0,0.0
-13.033033033033032,0.0,0.0
-12.992992992992992,0.0,0.0
-12.952952952952952,0.0,0.0
-12.912912912912912,0.0,0.0
-12.872872872872872,0.0,0.0
-12.832832832832832,0.0,0.0
-12.792792792792792,0.0,0.0
-12.752752752752752,0.0,0.0
-12.712712712712712,0.0,0.0
-12.672672672672672,0.0,0.0
-12.632632632632632,0.0,0.0
-12.592592592592592,0.0,0.0
-12.552552552552552,7e-323,0.0
-12.512512512512512,3.6176e-318,0.0
-12.472472472472472,1.76961180455e-313,0.0
-12.432432432432432,7.98961408286837e-309,0.0
-12.392392392392392,3.329357627859353e-304,0.0
-12.352352352352352,1.2805069609464854e-299,0.0
-12.312312312312311,4.545590296226896e-295,0.0
-12.272272272272271,1.4893113004409196e-290,0.0
-12.232232232232231,4.503680055090911e-286,0.0
-12.192192192192191,1.257003323034996e-281,0.0
-12.152152152152151,3.23811427520109e-277,0.0
-12.112112112112111,7.699007924113689e-273,0.0
-12.072072072072071,1.689523403185614e-268,0.0
-12.032032032032031,3.4220039561618576e-264,0.0
-11.991991991991991,6.3971075544924826e-260,0.0
-11.951951951951951,1.1037574496519603e-255,0.0
-11.911911911911911,1.7577232324991245e-251,0.0
-11.871871871871871,2.5835340405018567e-247,0.0
-11.831831831831831,3.5048120495552e-243,0.0
-11.791791791791791,4.3883587930974785e-239,0.0
-11.751751751751751,5.071382566883454e-235,0.0
-11.711711711711711,5.409255164590012e-231,0.0
-11.671671671671671,5.325193746877226e-227,0.0
-11.631631631631631,4.83860542786946e-223,0.0
-11.591591591591591,4.05781135565956e-219,0.0
-11.551551551551551,3.140872796004554e-215,0.0
-11.511511511511511,2.2438596698650934e-211,0.0
-11.471471471471471,1.4795440083860665e-207,0.0
-11.431431431431431,9.004237306759022e-204,0.0
-11.391391391391391,5.057697223926763e-200,0.0
-11.35135135135135,2.6220777885286836e-196,0.0
-11.31131131131131,1.2546574399602752e-192,0.0
-11.27127127127127,5.541044153584598e-189,0.0
-11.23123123123123,2.258629027743125e-185,0.0
-11.19119119119119,8.497380189070609e-182,0.0
-11.15115115115115,2.9506115921641865e-178,0.0
-11.11111111111111,9.456401184559705e-175,0.0
-11.07107107107107,2.797219731613235e-171,0.0
-11.03103103103103,7.636847661021877e-168,0.0
-10.99099099099099,1.9243697513570285e-164,0.0
-10.95095095095095,4.475584550181976e-161,0.0
-10.91091091091091,9.607222749356146e-158,0.0
-10.87087087087087,1.9034120061419144e-154,0.0
-10.83083083083083,3.480603868296172e-151,0.0
-10.79079079079079,5.874396313014054e-148,0.0
-10.75075075075075,9.150793113595308e-145,0.0
-10.71071071071071,1.3156521528104394e-141,0.0
-10.67067067067067,1.7458634566623275e-138,0.0
-10.63063063063063,2.1382885904100387e-135,0.0
-10.59059059059059,2.4171812263644343e-132,0.0
-10.55055055055055,2.5219644267775865e-129,0.0
-10.51051051051051,2.4285975369472608e-126,0.0
-10.47047047047047,2.1585344980445032e-123,0.0
-10.43043043043043,1.7707175339153338e-120,0.0
-10.39039039039039,1.3406840154872815e-117,0.0
-10.35035035035035,9.368939298034271e-115,0.0
-10.31031031031031,6.042842413394187e-112,0.0
-10.27027027027027,3.597319089740119e-109,0.0
-10.23023023023023,1.976530434216299e-106,0.0
-10.19019019019019,1.002339624940031e-103,0.0
-10.15015015015015,4.691515363808277e-101,0.0
-10.11011011011011,2.0267409214814043e-98,0.0
-10.07007007007007,8.081094394041695e-96,0.0
-10.03003003003003,2.9739178873777365e-93,0.0
-9.98998998998999,1.0101238291940761e-90,0.0
-9.94994994994995,3.1667013679550736e-88,0.0
-9.90990990990991,9.162762988839059e-86,0.0
-9.86986986986987,2.4469925443038167e-83,0.0
-9.82982982982983,6.031504959576488e-81,0.0
-9.78978978978979,1.3721626141399005e-78,0.0
-9.74974974974975,2.8811928308641423e-76,0.0
-9.70970970970971,5.583749396152908e-74,0.0
-9.66966966966967,9.987720065850007e-72,0.0
-9.62962962962963,1.648897480770889e-69,0.0
-9.58958958958959,2.512509991001786e-67,0.0
-9.54954954954955,3.5335300603974955e-65,0.0
-9.50950950950951,4.5866608998037834e-63,0.0
-9.46946946946947,5.4950459191881425e-61,2.30437e-319
-9.42942942942943,6.076211309586711e-59,1.14447242e-314
-9.38938938938939,6.20127886338833e-57,5.24646838389805e-310
-9.34934934934935,5.8413940523177205e-55,2.2198091567574788e-305
-9.30930930930931,5.078536718187776e-53,8.668641985063358e-301
-9.26926926926927,4.075186973585871e-51,3.1244483180969216e-296
-9.22922922922923,3.018167456250052e-49,1.0393994284758039e-291
-9.18918918918919,2.0631270561288566e-47,3.191379507285955e-287
-9.14914914914915,1.3016537293130552e-45,9.04401513079203e-283
-9.10910910910911,7.579696380071456e-44,2.3655436077360323e-278
-9.06906906906907,4.073755894376783e-42,5.710675551190735e-274
-9.02902902902903,2.020807961532832e-40,1.272421107641147e-269
-8.98898898898899,9.252134478973601e-39,2.616743131701447e-265
-8.94894894894895,3.909720206772102e-37,4.966817138140961e-261
-8.90890890890891,1.5248821165215205e-35,8.70125906115728e-257
-8.86886886886887,5.489258883306827e-34,1.4069312531049816e-252
-8.82882882882883,1.8238033351936485e-32,2.0996673983431637e-248
-8.78878878878879,5.592798179256913e-31,2.892111170486704e-244
-8.74874874874875,1.5829497910939922e-29,3.676768707131028e-240
-8.70870870870871,4.135156799096244e-28,4.314241862293125e-236
-8.66866866866867,9.970195498045027e-27,4.672287048204442e-232
-8.62862862862863,2.218718559864166e-25,4.670263603701272e-228
-8.588588588588589,4.557090029528637e-24,4.30863913570566e-224
-8.548548548548549,8.638927930238954e-23,3.668814041422951e-220
-8.508508508508509,1.5115375607473069e-21,2.8833550727544007e-216
-8.468468468468469,2.440983741119155e-20,2.091497764762285e-212
-8.428428428428429,3.638293080975985e-19,1.4002433936229143e-208
-8.388388388388389,5.0051526295184685e-18,8.652398430355609e-205
-8.348348348348349,6.355120983575517e-17,4.934649800610365e-201
-8.308308308308309,7.447614231381277e-16,2.5975446097174605e-197
-8.268268268268269,8.05559046123825e-15,1.2619918266379315e-193
-8.228228228228229,8.04200694116371e-14,5.658963848942287e-190
-8.188188188188189,7.410002807779452e-13,2.34209305823108e-186
-8.148148148148149,6.301721046486925e-12,8.946604193557874e-183
-8.108108108108109,4.946373018265888e-11,3.154272077017972e-179
-8.068068068068069,3.583450959558732e-10,1.0264243081657053e-175
-8.028028028028029,2.396089386876701e-09,3.0827730649759086e-172
-7.987987987987989,1.4787391683899668e-08,8.545609293162131e-169
-7.947947947947949,8.423008683600867e-08,2.1864087664520114e-165
-7.907907907907909,4.4282302431077597e-07,5.163052451264413e-162
-7.867867867867869,2.1487242022191475e-06,1.1253006353191902e-158
-7.827827827827829,9.623191342604919e-06,2.263692547314168e-155
-7.787787787787789,3.9778300412621555e-05,4.202939785022059e-152
-7.7477477477477485,0.00015176202247884312,7.202375251968718e-149
-7.7077077077077085,0.0005344063262227695,1.1391611667076298e-145
-7.6676676676676685,0.0017368992767555279,1.662958642536866e-142
-7.6276276276276285,0.005210471575438272,2.2406012571530462e-139
-7.5875875875875884,0.014427349614899502,2.7863428385397714e-136
-7.547547547547548,0.036873623607401165,3.198095135095023e-133
-7.507507507507508,0.08699319097359291,3.3879348901700435e-130
-7.467467467467468,0.18946457701835195,3.3125739482252693e-127
-7.427427427427428,0.38097616307665133,2.9893926239450152e-124
-7.387387387387388,0.707426852543495,2.4899302712005207e-121
-7.347347347347348,1.2134443080152597,1.9141601104742008e-118
-7.307307307307308,1.9237104648542045,1.3581764260173658e-115
-7.267267267267268,2.8210212627422244,8.89448822547586e-113
-7.227227227227228,3.831814673123373,5.376165021373321e-110
-7.187187187187188,4.831279951639024,2.99923894857003e-107
-7.147147147147146,5.673256928093073,1.544316791409277e-104
-7.107107107107106,6.236484920763962,7.339197415265968e-102
-7.067067067067066,6.466541585116789,3.2191973094568555e-99
-7.027027027027026,6.39184366214156,1.3032672209211977e-96
-6.986986986986986,6.1053639451205415,4.869744753867609e-94
-6.946946946946946,5.723177315527998,1.679444956594662e-91
-6.906906906906906,5.342774861086266,5.34579377062743e-89
-6.866866866866866,5.020103689613038,1.5705272515686331e-86
-6.826826826826826,4.76902169688607,4.25858777073801e-84
-6.786786786786786,4.573272457381633,1.0657923006945183e-81
-6.746746746746746,4.398917369961795,2.461877303331245e-79
-6.706706706706706,4.202923441501207,5.248643558864811e-77
-6.666666666666666,3.9415456990837785,1.0327961401797466e-74
-6.626626626626626,3.582409890719041,1.8757242017880078e-72
-6.586586586586586,3.1178694213777414,3.144200321371389e-70
-6.546546546546546,2.571923353200657,4.864500848457271e-68
-6.506506506506506,1.994686762447846,6.946294774213951e-66
-6.466466466466466,1.4458589101443131,9.154929090350539e-64
-6.426426426426426,0.9754209259660624,1.1136368941547899e-61
-6.386386386386386,0.6107060623843843,1.2503139767863103e-59
-6.346346346346346,0.35418350779749286,1.2956312414619002e-57
-6.306306306306306,0.19007400948825945,1.239169133719571e-55
-6.266266266266266,0.09444975458907544,1.0938722691248115e-53
-6.226226226226226,0.04389326570582928,8.912293661443967e-52
-6.186186186186186,0.020457206155381227,6.701919602521013e-50
-6.146146146146146,0.013278638476311043,4.6515296028406675e-48
-6.106106106106106,0.018474462533280337,2.9797457897243298e-46
-6.066066066066066,0.03885068784627264,1.7617711363012154e-44
-6.026026026026026,0.08405564868978398,9.614055311726745e-43
-5.985985985985986,0.17063743196810963,4.842287738479686e-41
-5.945945945945946,0.3204629221858585,2.2510307052744444e-39
-5.905905905905906,0.5556598537602107,9.658264531259836e-38
-5.865865865865866,0.8892968479832695,3.824755027321472e-36
-5.8258258258258255,1.313633171306581,1.397960831545255e-34
-5.7857857857857855,1.7909720590162532,4.715993898137519e-33
-5.7457457457457455,2.2536726980506616,1.4683795189873923e-31
-5.7057057057057055,2.6174672724136077,4.2197843397309656e-30
-5.665665665665665,2.805847070970615,1.1192550163947164e-28
-5.625625625625625,2.7762155233775094,2.7400261099622728e-27
-5.585585585585585,2.535708985884374,6.191091391667093e-26
-5.545545545545545,2.1388674230344717,1.2911199631545513e-24
-5.505505505505505,1.6686059295740654,2.4851514038050132e-23
-5.465465465465465,1.2103293241524224,4.414952093631057e-22
-5.425425425425425,0.8312809372187319,7.239124423222042e-21
-5.385385385385385,0.5724978059004368,1.0955520439505177e-19
-5.345345345345345,0.4527728561273052,1.530266061561026e-18
-5.305305305305305,0.4778466803617153,1.972821943929977e-17
-5.265265265265265,0.6466843041219954,2.347447648496267e-16
-5.225225225225225,0.9500474680687089,2.578048761654869e-15
-5.185185185185185,1.3624204727133027,2.613206174747913e-14
-5.145145145145145,1.8336598820122862,2.444802484667014e-13
-5.105105105105105,2.2886384711053007,2.1110657035670667e-12
-5.065065065065065,2.6399857600791115,1.682472784310503e-11
-5.025025025025025,2.8117369827332004,1.237608636092562e-10
-4.984984984984985,2.764266085492642,8.402500678807973e-10
-4.944944944944945,2.5083287834294508,5.265324067268597e-09
-4.904904904904905,2.1007745548854135,3.0453343613936165e-08
-4.864864864864865,1.623911164672241,1.6257025387717678e-07
-4.824824824824825,1.1585964968014135,8.010278259043453e-07
-4.784784784784785,0.7629377088929651,3.6430120438645e-06
-4.744744744744745,0.4636954367080958,1.5292865746511554e-05
-4.704704704704705,0.26011381514361326,5.9257743424000696e-05
-4.664664664664665,0.13467310327808546,0.00021195695550651873
-4.624624624624625,0.06435542560705966,0.0006998792477889462
-4.584584584584585,0.028384177630248298,0.0021335842575946635
-4.544544544544545,0.01155458402713582,0.006005692507980364
-4.504504504504505,0.0043412936636394875,0.015612154613680524
-4.464464464464465,0.0015054656942625044,0.03749073799765401
-4.424424424424425,0.00048184728091465496,0.08319775229469413
-4.384384384384385,0.00014234257290772481,0.17071115681652396
-4.344344344344345,3.881030543675394e-05,0.3241241932411855
-4.3043043043043046,9.766662033693968e-06,0.5700807169063626
-4.2642642642642645,2.2684651337245245e-06,0.9302590288860044
-4.2242242242242245,4.863007142646661e-07,1.4113572970002792
-4.1841841841841845,9.621982358426708e-08,1.9965903865458987
-4.1441441441441444,1.7571589751279176e-08,2.64375118871735
-4.104104104104104,2.961722767555332e-09,3.292767572554568
-4.064064064064064,4.60749213589039e-10,3.8808557416237077
-4.024024024024024,6.615636754325868e-11,4.358850651724211
-3.9839839839839826,8.767293589847475e-12,4.70154255193213
-3.9439439439439425,1.0723740562034708e-12,4.908552686661221
-3.9039039039039025,1.2106368726677886e-13,4.997411454710293
-3.8638638638638625,1.261445075667918e-14,4.993154193247896
-3.8238238238238225,1.213136428950254e-15,4.918009530462497
-3.7837837837837824,1.0768068080740522e-16,4.7831862071597815
-3.7437437437437424,8.821710288512094e-18,4.584831216127516
-3.7037037037037024,6.670442417959226e-19,4.3070211316138245
-3.6636636636636624,4.655253527428932e-20,3.9331118295480634
-3.6236236236236223,2.9986024131712102e-21,3.462109861649937
-3.5835835835835823,1.7827123963714508e-22,2.92235356625409
-3.5435435435435423,9.782064737753492e-24,2.3750624360728447
-3.5035035035035023,4.954121241960025e-25,1.9056314006154944
-3.4634634634634622,2.3157388358337075e-26,1.606551147222244
-3.423423423423422,9.99077957042767e-28,1.5577735408169315
-3.383383383383382,3.978286217343808e-29,1.8078932935592245
-3.343343343343342,1.4621082350882726e-30,2.356937484306653
-3.303303303303302,4.959636770790324e-32,3.1429806582192716
-3.263263263263262,1.5527697761865055e-33,4.039458794073314
-3.223223223223222,4.4869488329637035e-35,4.872218833796497
-3.183183183183182,1.1966909727813291e-36,5.459593453760526
-3.143143143143142,2.945776293332841e-38,5.666054519923396
-3.103103103103102,6.6927462682853505e-40,5.448485294161719
-3.063063063063062,1.4034463272779946e-41,4.873316811665673
-3.023023023023022,2.7162773114012036e-43,4.0952026580236165
-2.982982982982982,4.8522062593907384e-45,3.306177174012111
-2.942942942942942,8.00002329090268e-47,2.67675350121308
-2.902902902902902,1.2173910342801121e-48,2.3105686560061294
-2.862862862862862,1.709841274787416e-50,2.2246599649766576
-2.822822822822822,2.2165031052325863e-52,2.3562252898827785
-2.782782782782782,2.6519647160101935e-54,2.5895724954790706
-2.7427427427427418,2.9285590745737773e-56,2.794083690150485
-2.7027027027027017,2.9848814457829594e-58,2.8627794157386166
-2.6626626626626617,2.8079348935530507e-60,2.740633358158452
-2.6226226226226217,2.4380007287100174e-62,2.4340711856857014
-2.5825825825825817,1.9537431950990336e-64,1.9995230890797289
-2.5425425425425416,1.4450669739280725e-66,1.517353858569595
-2.5025025025025016,9.864959868326624e-69,1.0631400939285447
-2.4624624624624616,6.2156924843737216e-71,0.6876146896314888
-2.4224224224224216,3.6146859175754974e-73,0.41049983017739394
-2.3823823823823815,1.940164099611128e-75,0.22619264240318504
-2.3423423423423415,9.611545170160359e-78,0.11503639152775527
-2.3023023023023015,4.394756410413405e-80,0.05399837562334082
-2.2622622622622615,1.8546555149423178e-82,0.02339449836352003
-2.2222222222222214,7.224013554953979e-85,0.009354787682366817
-2.1821821821821814,2.597052320736474e-87,0.0034525589978597697
-2.1421421421421414,8.61726990670272e-90,0.0011760754478329367
-2.1021021021021014,2.6390373864019937e-92,0.0003697567659860836
-2.0620620620620613,7.459474601103168e-95,0.00010729609947710121
-2.0220220220220213,1.946066991184549e-97,2.8736812388061974e-05
-1.9819819819819813,4.685912588826913e-100,7.103626231932117e-06
-1.9419419419419413,1.0413996554524404e-102,1.6207217580913757e-06
-1.9019019019019012,2.1361292471669316e-105,3.4129008612325515e-07
-1.8618618618618612,4.044124088429703e-108,6.633240343597464e-08
-1.8218218218218212,7.066563557390528e-111,1.1899114510797605e-08
-1.7817817817817811,1.1396694740886561e-113,1.97010967797029e-09
-1.7417417417417411,1.696431829515367e-116,3.010599706007094e-10
-1.701701701701701,2.3306698538024264e-119,4.2462198410320226e-11
-1.661661661661661,2.955370908207673e-122,5.527627714842171e-12
-1.621621621621621,3.710668611673065e-125,6.64143529742653e-13
-1.581581581581581,2.2192283056481056e-123,7.364986519778059e-14
-1.541541541541541,1.8049478112019555e-120,7.53822014796772e-15
-1.501501501501501,1.3549444077140572e-117,7.121189236623679e-16
-1.461461461461461,9.387828658786607e-115,6.20902040263684e-17
-1.421421421421421,6.0033779002146665e-112,4.99666803501269e-18
-1.381381381381381,3.543341899786049e-109,3.711288852629314e-19
-1.3413413413413409,1.9302665614380414e-106,2.544227058939033e-20
-1.3013013013013008,9.705286602331184e-104,1.609807058226831e-21
-1.2612612612612608,4.503874623549288e-101,9.401099239954862e-23
-1.2212212212212208,1.929083692795679e-98,5.067226265384068e-24
-1.1811811811811808,7.626103536531594e-96,2.520860464029214e-25
-1.1411411411411407,2.7825384520812058e-93,1.1574817891296155e-26
-1.1011011011011007,9.370580629628922e-91,4.9053090751484685e-28
-1.0610610610610607,2.912585474037377e-88,1.9186927587864904e-29
-1.0210210210210207,8.355601255453919e-86,6.926779233423443e-31
-0.9809809809809806,2.2123996632545118e-83,2.308044117517672e-32
-0.9409409409409406,5.406750273342975e-81,7.098126184917383e-34
-0.9009009009009006,1.2195395467513744e-78,2.0147918027745424e-35
-0.8608608608608606,2.5388808222426617e-76,5.2784144223737636e-37
-0.8208208208208205,4.8783796139282176e-74,1.2763319601735256e-38
-0.7807807807807805,8.65158580080793e-72,2.8484634677537016e-40
-0.7407407407407405,1.416128607587235e-69,5.867384015463714e-42
-0.7007007007007005,2.139422323682844e-67,1.1154888222432629e-43
-0.6606606606606604,2.9831644847966957e-65,1.957369343988364e-45
-0.6206206206206204,3.8392352717118706e-63,3.1700578781626872e-47
-0.5805805805805804,4.560359747855895e-61,4.7385825505938966e-49
-0.5405405405405403,4.9996583789031005e-59,6.537573132307121e-51
-0.5005005005005003,5.059043424835052e-57,8.324756119499251e-53
-0.4604604604604603,4.724798959110804e-55,9.78392981320913e-55
-0.42042042042042027,4.0727252262345007e-53,1.061309343595658e-56
-0.38038038038038025,3.240214321560039e-51,1.0625698695906187e-58
-0.3403403403403402,2.3793000505870572e-49,9.818832600850725e-61
-0.3003003003003002,1.6125438764297297e-47,8.374310605107284e-63
-0.26026026026026017,1.0086969714610023e-45,6.592120295559115e-65
-0.22022022022022014,5.823669809439749e-44,4.7894763478038745e-67
-0.18018018018018012,3.103270405718087e-42,3.211720855299677e-69
-0.1401401401401401,1.5262628949345507e-40,1.987807847098492e-71
-0.10010010010010006,6.928287842061357e-39,1.1355280312694135e-73
-0.06006006006006004,2.902748095974632e-37,5.986984976430173e-76
-0.020020020020020013,1.1224826195457288e-35,2.9134349588685477e-78
0.020020020020020013,4.006238049484232e-34,1.3085470292669775e-80
0.06006006006006004,1.3197167461228046e-32,5.424506007615553e-83
0.10010010010010006,4.01246774004963e-31,2.07547689571885e-85
0.1401401401401401,1.1259762492947898e-29,7.329299381324495e-88
0.18018018018018012,2.916310462573552e-28,2.3888774468478297e-90
0.22022022022022014,6.971482346591748e-27,7.186412281252145e-93
0.26026026026026017,1.538166533389931e-25,1.995341509441067e-95
0.3003003003003002,3.132336664052018e-24,5.113393273465279e-98
0.3403403403403402,5.887356841655855e-23,1.20945023771138e-100
0.38038038038038025,1.0213136485665403e-21,2.6403023520047395e-103
0.42042042042042027,1.6352522734331283e-20,5.3199330999042e-106
0.4604604604604603,2.416558079337561e-19,9.893402540789704e-109
0.5005005005005003,3.2960710378380947e-18,1.922328708822799e-111
0.5405405405405403,4.1493755053999765e-17,1.3512547039286554e-109
0.5805805805805804,4.821206845992881e-16,7.516522632346867e-107
0.6206206206206204,5.170298774053261e-15,3.859154950492079e-104
0.6606606606606604,5.117553196811636e-14,1.8287498917544948e-101
0.7007007007007005,4.675154218127458e-13,7.998402595902091e-99
0.7407407407407405,3.9419977035271905e-12,3.2287844818005816e-96
0.7807807807807805,3.067775978135056e-11,1.202989132658566e-93
0.8208208208208205,2.2035239128888457e-10,4.136863593137336e-91
0.8608608608608606,1.460826852358188e-09,1.3130085305853135e-88
0.9009009009009006,8.938539603153792e-09,3.846367216756859e-86
0.9409409409409406,5.048022058709183e-08,1.0399699514890085e-83
0.9809809809809806,2.6312539752530943e-07,2.59524096509761e-81
1.0210210210210207,1.2658759373212352e-06,5.977525457734837e-79
1.0610610610610607,5.62090661161459e-06,1.2707263364588089e-76
1.1011011011011007,2.3036072938712285e-05,2.4932709534200904e-74
1.1411411411411407,8.713594992854676e-05,4.515166543356215e-72
1.1811811811811808,0.0003042097612147505,7.546836139721e-70
1.2212212212212208,0.0009802475607187842,1.1642410738698395e-67
1.2612612612612608,0.0029153133761940443,1.6577069692095866e-65
1.3013013013013008,0.00800242422070287,2.1785095075854883e-63
1.3413413413413409,0.020274247561762024,2.6423966248494175e-61
1.381381381381381,0.047408342327572614,2.958171865153284e-59
1.421421421421421,0.10231790635956514,3.056579165063663e-57
1.461461461461461,0.2038146370219518,2.9149743973480436e-55
1.501501501501501,0.37471919861137226,2.565787534143285e-53
1.541541541541541,0.635862728602837,2.0844596222814923e-51
1.581581581581581,0.9958814526060958,1.5629789641530264e-49
1.621621621621621,1.4395898269113387,1.0816820653017352e-47
1.661661661661661,1.9206876532790726,6.909282896725816e-46
1.701701701701701,2.3651657103884665,4.073363532198251e-44
1.7417417417417411,2.6881485963563443,2.2164616269092925e-42
1.7817817817817811,2.819888329019892,1.1131510818691746e-40
1.8218218218218212,2.730221186072698,5.1598236476216265e-39
1.8618618618618612,2.439791435370653,2.20750885512348e-37
1.9019019019019012,2.012354794041438,8.716796358353549e-36
1.9419419419419413,1.5321178364780317,3.1768608732202556e-34
1.9819819819819813,1.0772158584277396,1.0686274887314232e-32
2.0220220220220213,0.700870209327996,3.317732271403794e-31
2.0620620620620613,0.4261761066734098,9.506993188741569e-30
2.1021021021021014,0.25326088092427673,2.514385585698557e-28
2.1421421421421414,0.17303365357471887,6.1377249692273935e-27
2.1821821821821814,0.18120260014578443,1.3828332684404225e-25
2.2222222222222214,0.2879821198065444,2.8755376929979193e-24
2.2622622622622615,0.5205985771238679,5.518933488303067e-23
2.3023023023023015,0.9165541192791096,9.776380712210617e-22
2.3423423423423415,1.5068938108213263,1.5984089434689893e-20
2.3823823823823815,2.292228701894352,2.41204022502008e-19
2.4224224224224216,3.219888994212816,3.3594489147330613e-18
2.4624624624624616,4.174999692854161,4.318554319635014e-17
2.5025025025025016,4.996527932065664,5.123840259875278e-16
2.5425425425425416,5.519109403598303,5.610991708161476e-15
2.5825825825825817,5.626741229656606,5.671142003374582e-14
2.6226226226226217,5.294583677051527,5.290397044224142e-13
2.6626626626626617,4.598260354842827,4.555046995653972e-12
2.7027027027027017,3.6858881497387364,3.6197977607457683e-11
2.7427427427427418,2.7269526532529627,2.654988241324525e-10
2.782782782782782,1.8620866781484136,1.7973296834386759e-09
2.822822822822822,1.1735701066142343,1.1229999624367073e-08
2.862862862862862,0.6826609079209836,6.476175160549484e-08
2.902902902902902,0.36651173074087745,3.4470237949881263e-07
2.942942942942942,0.18161745047474423,1.6933893581756174e-06
2.982982982982982,0.08306424465141024,7.678143438290186e-06
3.023023023023022,0.03506368171696396,3.2132348322150444e-05
3.063063063063062,0.013661165752464656,0.00012411251089154067
3.103103103103102,0.004912525932149298,0.0004424615218999282
3.143143143143142,0.0016304549406489354,0.0014558690348703976
3.183183183183182,0.0004994587158934486,0.0044213609072161104
3.223223223223222,0.00014121383300898973,0.012393001238612365
3.263263263263262,3.685036012679352e-05,0.03206150554979116
3.303303303303302,8.87550517315367e-06,0.07655583232615135
3.343343343343342,1.973019040718037e-06,0.16871734863303248
3.383383383383382,4.04814743611303e-07,0.3431852507979524
3.423423423423422,7.66598943363593e-08,0.6442963428515318
3.4634634634634622,1.3398832598212212e-08,1.1164330910511502
3.5035035035035023,2.1614866423917163e-09,1.7855580387606946
3.5435435435435423,3.218288703328293e-10,2.6358428109698058
3.5835835835835823,4.422667557036795e-11,3.591641242344168
3.6236236236236223,5.609581217515552e-12,4.518039354958746
3.6636636636636624,6.566945846523823e-13,5.248338924403857
3.7037037037037024,7.095504496174878e-14,5.634000756870294
3.7437437437437424,7.076035029306564e-15,5.598309110892233
3.7837837837837824,6.513036600596846e-16,5.1690971250410085
3.8238238238238225,5.533041317167251e-17,4.473832648956364
3.8638638638638625,4.338415646712197e-18,3.6982459717736345
3.9039039039039025,3.139679028856113e-19,3.026461610715993
3.9439439439439425,2.097134073528225e-20,2.586677071716066
3.9839839839839826,1.2928674184459176e-21,2.4204776725370007
4.024024024024023,7.356455890233841e-23,2.482058279092018
4.064064064064063,3.8634040392829425e-24,2.663115764282386
4.104104104104103,1.8726580153107795e-25,2.8329706493320845
4.144144144144143,8.377870981714287e-27,2.8808216625460763
4.184184184184183,3.45935962339335e-28,2.747119087849533
4.224224224224223,1.3183921433410963e-29,2.434653041736779
4.264264264264263,4.637461854768557e-31,1.9974534258937497
4.304304304304303,1.5055769056954228e-32,1.5144482127328418
4.344344344344343,4.511410940691344e-34,1.060360139168975
4.384384384384383,1.2476957116040674e-35,0.685391470723673
4.424424424424423,3.184870853026294e-37,0.40893384671942506
4.464464464464463,7.503464293486679e-39,0.22520196460685543
4.504504504504503,1.6316186622045103e-40,0.11446843259826794
4.544544544544543,3.274630917290935e-42,0.05370186496933809
4.584584584584583,6.065867250025002e-44,0.023253119116832335
4.624624624624623,1.0370753109482234e-45,0.0092930975026493
4.664664664664663,1.6364944586693868e-47,0.0034278899193210936
4.704704704704703,2.38344773345678e-49,0.0011670250928243805
4.744744744744743,3.2039341119615493e-51,0.00036670802622599494
4.784784784784783,3.975102850527303e-53,0.00010635245163580112
4.824824824824823,4.551976522978156e-55,2.8468294753474028e-05
4.864864864864863,4.8110387098871614e-57,7.033350411676994e-06
4.904904904904903,4.7384540915976e-59,1.6037988875539124e-06
4.944944944944943,5.010312340541545e-59,3.375393511665702e-07
4.984984984984983,5.027619424232717e-57,6.556706819379933e-08
5.025025025025023,4.695960303083509e-55,1.1755306805913237e-08
5.065065065065063,4.048308419555013e-53,1.94522132525005e-09
5.105105105105103,3.221140115301853e-51,2.9709197827449575e-10
5.145145145145143,2.36555195601256e-49,4.187932558045439e-11
5.185185185185183,1.6034012425239677e-47,5.4487299355995036e-12
5.225225225225223,1.0030874352146623e-45,6.543012293594286e-13
5.265265265265263,5.791915470900471e-44,7.251820400407455e-14
5.305305305305303,3.086686265674588e-42,7.418279515170722e-15
5.3453453453453434,1.5182721090700298e-40,7.004000954228175e-16
5.3853853853853835,6.892766848368249e-39,6.103459258406151e-17
5.4254254254254235,2.8881810417145448e-37,4.908996847985665e-18
5.4654654654654635,1.1169714877631783e-35,3.6441505158681935e-19
5.5055055055055035,3.987003451560655e-34,2.4968169834253928e-20
5.545545545545544,1.313523919988912e-32,1.5789339499082395e-21
5.585585585585584,3.994074949270556e-31,9.215694428571632e-23
5.625625625625624,1.12093720592403e-29,4.96454005717099e-24
5.665665665665667,2.903576070817816e-28,2.4684073010317023e-25
5.705705705705707,6.94179817267947e-27,1.1327693129325063e-26
5.745745745745747,1.531784275092475e-25,4.797919735086151e-28
5.785785785785787,3.119680231377387e-24,1.875647969710838e-29
5.825825825825827,5.864208524886894e-23,6.767628866965537e-31
5.865865865865867,1.0174090090298928e-21,2.2537647763107625e-32
5.905905905905907,1.6291782477069928e-20,6.927355730990452e-34
5.945945945945947,2.4078447233979853e-19,1.9652293554141104e-35
5.985985985985987,3.2845448816904302e-18,5.1457163833118604e-37
6.026026026026027,4.13531669266953e-17,1.243555859605429e-38
6.0660660660660675,4.805396174238333e-16,2.7737773718650404e-40
6.1061061061061075,5.153905746927387e-15,5.7103766341972986e-42
6.1461461461461475,5.101884185512779e-14,1.0850375329863481e-43
6.1861861861861875,4.661348454802628e-13,1.9029767830741065e-45
6.226226226226228,3.930785931915285e-12,3.741083393290366e-47
6.266266266266268,3.0593845324357956e-11,4.210481987620054e-46
6.306306306306308,2.1977363442222853e-10,2.470088758488976e-44
6.346346346346348,1.457149003833391e-09,1.3389206030936778e-42
6.386386386386388,8.917008635258912e-09,6.698600094042112e-41
6.426426426426428,5.036412123182129e-08,3.093143922249542e-39
6.466466466466468,2.6254888850685506e-07,1.3182660106665372e-37
6.506506506506508,1.2632402572241442e-06,5.1855261811415774e-36
6.546546546546548,5.609815534388391e-06,1.882649433399277e-34
6.586586586586588,2.299312784269327e-05,6.308599170437117e-33
6.626626626626628,8.698299901389368e-05,1.9511167669315176e-31
6.666666666666668,0.0003037089221216042,5.569554237447491e-30
6.706706706706708,0.0009787405314626626,1.467386313416376e-28
6.746746746746748,0.0029111490834924083,3.568250542036015e-27
6.786786786786788,0.007991865565753077,8.008534795111375e-26
6.826826826826828,0.020249706965162696,1.6589666027135115e-24
6.866866866866868,0.04735612583504014,3.171823916301128e-23
6.906906906906908,0.10221636647764473,5.597155153412821e-22
6.946946946946948,0.20363459528320643,9.116171187628968e-21
6.986986986986988,0.37442904885341555,1.3703908434965227e-19
7.027027027027028,0.63543971907532,1.901355276685573e-18
7.067067067067068,0.9953275617758476,2.4348317170971517e-17
7.107107107107108,1.4389461883855257,2.8778057532189805e-16
7.147147147147148,1.9200384502021361,3.139358063332284e-15
7.187187187187188,2.364624301460781,3.16087323098303e-14
7.227227227227228,2.6878264366465716,2.937380141590162e-13
7.267267267267268,2.819857381798272,2.519417144450353e-12
7.307307307307308,2.7304857628680397,1.994467005886268e-11
7.347347347347348,2.4402793166942076,1.457271535698154e-10
7.387387387387388,2.012917666267959,9.827452601874506e-10
7.427427427427428,1.5324959444990687,6.116856379800834e-09
7.467467467467468,1.0768606470285988,3.514005681676645e-08
7.507507507507508,0.698403695492717,1.863217201576813e-07
7.547547547547548,0.4180617181085972,9.118247173118696e-07
7.5875875875875884,0.23097295113319716,4.118566534219034e-06
7.6276276276276285,0.11777922590157755,1.716989589079754e-05
7.6676676676676685,0.055432327965531415,6.606570706378931e-05
7.7077077077077085,0.02407932952208129,0.00023462342098628248
7.7477477477477485,0.009654115985464468,0.0007690480729941534
7.787787787787789,0.0035724609005684045,0.002326603963962034
7.827827827827829,0.0012201389926816241,0.006496482741653958
7.867867867867869,0.00038462541546513694,0.01674252531926729
7.907907907907909,0.00011190603295393538,0.03982451446688238
7.947947947947949,3.0050788528309964e-05,0.08743128571318191
7.987987987987989,7.448093058888898e-06,0.17716180243456867
8.028028028028029,1.7038100126268707e-06,0.3313295459108321
8.068068068068069,3.5973615457715733e-07,0.5719223787972448
8.108108108108109,7.010255708349124e-08,0.9111730489362232
8.148148148148149,1.2608704930825282e-08,1.3398355307987364
8.188188188188189,2.093119160133017e-09,1.8183980859534818
8.228228228228229,3.207039247818133e-10,2.2777879470856552
8.268268268268269,4.535252240039942e-11,2.6334462917021297
8.308308308308309,5.919506040943733e-12,2.810104629199858
8.348348348348349,7.131096929820545e-13,2.767625766629375
8.388388388388389,7.928920459760494e-14,2.5158172468988855
8.428428428428429,8.136893516922754e-15,2.110754213227693
8.468468468468469,7.707083320037129e-16,1.6344930925486445
8.508508508508509,6.737648115353521e-17,1.1681950569930248
8.548548548548549,5.436425574658369e-18,0.7706097311643453
8.588588588588589,4.0486051031221315e-19,0.4691810507558711
8.62862862862863,2.782814383795978e-20,0.26365334650853606
8.66866866866867,1.7654275952109964e-21,0.13674547453629
8.70870870870871,1.0337188408547289e-22,0.0654605254680023
8.74874874874875,5.5865257266538316e-24,0.028922302335203535
8.78878878878879,2.786557597264675e-25,0.011794324869710215
8.82882882882883,1.2828654097807796e-26,0.00443915347794655
8.86886886886887,5.451060677829483e-28,0.0015421054953672381
8.90890890890891,2.1378035177288373e-29,0.0004944414360376576
8.94894894894895,7.738225980477319e-31,0.00014631959263888537
8.98898898898899,2.585246026320184e-32,3.9964736842792645e-05
9.02902902902903,7.971667945436283e-34,1.0074842876963238e-05
9.06906906906907,2.2687329104507585e-35,2.3441557085249637e-06
9.10910910910911,5.959425457207465e-37,5.034095846803534e-07
9.14914914914915,1.444815069129079e-38,9.977996657603187e-08
9.18918918918919,3.233009519139151e-40,1.8253749156860177e-08
9.22922922922923,6.677110354918297e-42,3.082106576449267e-09
9.26926926926927,1.2727906452803985e-43,4.803193425438169e-10
9.30930930930931,2.2392998205896892e-45,6.908747970638633e-11
9.34934934934935,3.636255288471972e-47,9.171818963663958e-12
9.38938938938939,5.449834783016438e-49,1.1238243758175378e-12
9.42942942942943,7.538746796338463e-51,1.270949432467886e-13
9.46946946946947,9.625024139341712e-53,1.3266151275143223e-14
9.50950950950951,1.1342044523931557e-54,1.278051837329629e-15
9.54954954954955,1.2335811322731927e-56,1.136419932929109e-16
9.58958958958959,1.2383144436037114e-58,9.3264435586958e-18
9.62962962962963,1.1473106073599821e-60,7.064479023716197e-19
9.66966966966967,9.811105123659224e-63,4.938909445667939e-20
9.70970970970971,7.743578392764476e-65,3.1869029412735693e-21
9.74974974974975,5.640950899477131e-67,1.8979879922362616e-22
9.78978978978979,3.7927113354551784e-69,1.0432897340360967e-23
9.82982982982983,2.3536078818571838e-71,5.29301661612507e-25
9.86986986986987,1.3480477623025702e-73,2.478497189209576e-26
9.90990990990991,7.126286851887494e-76,1.0711750637901984e-27
9.94994994994995,3.477027854698612e-78,4.272866532053325e-29
9.98998998998999,1.5658129833497834e-80,1.573131584161358e-30
10.03003003003003,6.508163572637575e-83,5.345614345829177e-32
10.07007007007007,2.4966857332619468e-85,1.676552072956967e-33
10.11011011011011,8.840079067090149e-88,4.85314559160678e-35
10.15015015015015,2.888918361625296e-90,1.2966311273003666e-36
10.19019019019019,8.71367261765271e-93,3.1973959184920936e-38
10.23023023023023,2.4257947885186322e-95,7.277182044135183e-40
10.27027027027027,6.232951224624822e-98,1.5286811565471197e-41
10.31031031031031,1.4781559232233757e-100,2.9638582909985337e-43
10.35035035035035,3.2354419906381387e-103,5.303771533931162e-45
10.39039039039039,6.536327995995394e-106,8.759897629604075e-47
10.43043043043043,1.2187676178841963e-108,1.3353653523055066e-48
10.47047047047047,2.0974655003534604e-111,1.8788323378846655e-50
10.51051051051051,3.3316210363054766e-114,2.4398481582728753e-52
10.55055055055055,4.8843099419264224e-117,2.9243168181940816e-54
10.59059059059059,6.609029408614684e-120,3.2349896432326353e-56
10.63063063063063,8.253896214557687e-123,3.302997289048731e-58
10.67067067067067,9.51408819515718e-126,3.1126507193742747e-60
10.71071071071071,1.0121903493334506e-128,2.707318882863827e-62
10.75075075075075,9.939031372352384e-132,2.173378091423987e-64
10.79079079079079,9.00767649992577e-135,1.6103415819103943e-66
10.83083083083083,7.534741369892999e-138,1.1012542051093026e-68
10.87087087087087,5.817156780937092e-141,6.950947401160435e-71
10.91091091091091,4.1451479665670314e-144,4.049368260692691e-73
10.95095095095095,2.7261902289595046e-147,2.1772956094313174e-75
10.99099099099099,1.6548518731133465e-150,1.0805238791905432e-77
11.03103103103103,9.271477416606212e-154,4.949236319654937e-80
11.07107107107107,4.794304498145674e-157,2.092323647545433e-82
11.11111111111111,2.2881744533231304e-160,8.164063719110821e-85
11.15115115115115,1.0079511886923065e-163,2.9401585980794237e-87
11.19119119119119,4.098044972867041e-167,9.772866806180145e-90
11.23123123123123,1.5378033012186204e-170,2.9981962171348836e-92
11.27127127127127,5.32612932663739e-174,8.489555930342726e-95
11.31131131131131,1.702587639760941e-177,2.218690612451163e-97
11.35135135135135,5.023357591596165e-181,5.351744454764792e-100
11.391391391391391,1.3679353208753214e-184,1.1914637665675125e-102
11.431431431431431,3.438142572274619e-188,2.448235333339128e-105
11.471471471471471,7.975704417140864e-192,4.643145928707291e-108
11.511511511511511,1.7076586758871855e-195,8.127525766691839e-111
11.551551551551551,3.3745816246721237e-199,1.313080121692397e-113
11.591591591591591,6.154965964675793e-203,1.9579921595719794e-116
11.631631631631631,1.0361394851402734e-206,2.694744039975294e-119
11.671671671671671,1.609895336724062e-210,3.423031862307555e-122
11.711711711711711,2.3086809035684457e-214,4.013203785483656e-125
11.751751751751751,3.055744430577107e-218,4.342685061303965e-128
11.791791791791791,3.732991465894706e-222,4.337228533650081e-131
11.831831831831831,4.2090473870035434e-226,3.998095169110186e-134
11.871871871871871,4.380235728859291e-230,3.401580859423067e-137
11.911911911911911,4.207246922302706e-234,2.6711318171284506e-140
11.951951951951951,3.7297984954996095e-238,1.9359613905123998e-143
11.991991991991991,3.051824726395164e-242,1.2950451598557074e-146
12.032032032032035,2.3047331864289526e-246,7.995764316050624e-150
12.072072072072075,1.6064550321347655e-250,4.55640065415523e-153
12.112112112112115,1.0334830094130605e-254,2.3964627162951164e-156
12.152152152152155,6.136559634446946e-259,1.1633390271473225e-159
12.192192192192195,3.3630507943674455e-263,5.2122923771136145e-163
12.232232232232235,1.7010956913020915e-267,2.155450680042297e-166
12.272272272272275,7.94165309241148e-272,8.226862921270447e-170
12.312312312312315,3.421999407054979e-276,2.8981261260557562e-173
12.352352352352355,1.360930031122701e-280,9.422955776798192e-177
12.392392392392395,4.9954948455360655e-285,2.827768639876509e-180
12.432432432432435,1.6924197421542018e-289,7.832266290171285e-184
12.472472472472475,5.2920568417182395e-294,2.0022479860207795e-187
12.512512512512515,1.5273120132308947e-298,4.7242746336474057e-191
12.552552552552555,4.068346037512266e-303,1.0288196654593203e-194
12.592592592592595,1.0002184300502257e-307,2.0679033069020078e-198
12.632632632632635,2.269648848398e-312,3.8362601312894324e-202
12.672672672672675,4.753455e-317,6.568598533390199e-206
12.712712712712715,9.1e-322,1.0380642619546743e-209
12.752752752752755,0.0,1.5141280677066622e-213
12.792792792792795,0.0,2.0383925840752684e-217
12.832832832832835,0.0,2.5327941889529076e-221
12.872872872872875,0.0,2.9046835254683585e-225
12.912912912912915,0.0,3.0745714631073484e-229
12.952952952952955,0.0,3.003704549016551e-233
12.992992992992995,0.0,2.70842418117874e-237
13.033033033033036,0.0,2.2540471837725044e-241
13.073073073073076,0.0,1.7313950561213858e-245
13.113113113113116,0.0,1.2274849988014563e-249
13.153153153153156,0.0,8.031988230748864e-254
13.193193193193196,0.0,4.850838139638912e-258
13.233233233233236,0.0,2.7039418875463846e-262
13.273273273273276,0.0,1.3911205739592327e-266
13.313313313313316,0.0,6.605703003601198e-271
13.353353353353356,0.0,2.895077296752844e-275
13.393393393393396,0.0,1.17108423212336e-279
13.433433433433436,0.0,4.3722295326855446e-284
13.473473473473476,0.0,1.5066231047330493e-288
13.513513513513516,0.0,4.791738873066935e-293
13.553553553553556,0.0,1.4065931976293944e-297
13.593593593593596,0.0,3.8109279019106843e-302
13.633633633633636,0.0,9.52971257725804e-307
13.673673673673676,0.0,2.1994582460517e-311
13.713713713713716,0.0,4.68531177e-316
13.753753753753756,0.0,9.224e-321
13.793793793793796,0.0,0.0
13.833833833833836,0.0,0.0
13.873873873873876,0.0,0.0
13.913913913913916,0.0,0.0
13.953953953953956,0.0,0.0
13.993993993993996,0.0,0.0
14.034034034034036,0.0,0.0
14.074074074074076,0.0,0.0
14.114114114114116,0.0,0.0
14.154154154154156,0.0,0.0
14.194194194194196,0.0,0.0
14.234234234234236,0.0,0.0
14.274274274274276,0.0,0.0
14.314314314314316,0.0,0.0
14.354354354354356,0.0,0.0
14.394394394394396,0.0,0.0
14.434434434434436,0.0,0.0
14.474474474474476,0.0,0.0
14.514514514514516,0.0,0.0
14.554554554554556,0.0,0.0
14.594594594594597,0.0,0.0
14.634634634634637,0.0,0.0
14.674674674674677,0.0,0.0
14.714714714714717,0.0,0.0
14.754754754754757,0.0,0.0
14.794794794794797,0.0,0.0
14.834834834834837,0.0,0.0
14.874874874874877,0.0,0.0
14.914914914914917,0.0,0.0
14.954954954954957,0.0,0.0
14.994994994994997,0.0,0.0
15.035035035035037,0.0,0.0
15.075075075075077,0.0,0.0
15.115115115115117,0.0,0.0
15.155155155155157,0.0,0.0
15.195195195195197,0.0,0.0
15.235235235235237,0.0,0.0
15.275275275275277,0.0,0.0
15.315315315315317,0.0,0.0
15.355355355355357,0.0,0.0
15.395395395395397,0.0,0.0
15.435435435435437,0.0,0.0
15.475475475475477,0.0,0.0
15.515515515515517,0.0,0.0
15.555555555555557,0.0,0.0
15.595595595595597,0.0,0.0
15.635635635635637,0.0,0.0
15.675675675675677,0.0,0.0
15.715715715715717,0.0,0.0
15.755755755755757,0.0,0.0
15.795795795795797,0.0,0.0
15.835835835835837,0.0,0.0
15.875875875875877,0.0,0.0
15.915915915915917,0.0,0.0
15.955955955955957,0.0,0.0
15.995995995995997,0.0,0.0
16.036036036036037,0.0,0.0
16.076076076076077,0.0,0.0
16.116116116116117,0.0,0.0
16.156156156156158,0.0,0.0
16.196196196196198,0.0,0.0
16.236236236236238,0.0,0.0
16.276276276276278,0.0,0.0
16.316316316316318,0.0,0.0
16.356356356356358,0.0,0.0
16.396396396396398,0.0,0.0
16.436436436436438,0.0,0.0
16.476476476476478,0.0,0.0
16.516516516516518,0.0,0.0
16.556556556556558,0.0,0.0
16.596596596596598,0.0,0.0
16.636636636636638,0.0,0.0
16.676676676676678,0.0,0.0
16.716716716716718,0.0,0.0
16.756756756756758,0.0,0.0
16.796796796796798,0.0,0.0
16.836836836836838,0.0,0.0
16.876876876876878,0.0,0.0
16.916916916916918,0.0,0.0
16.956956956956958,0.0,0.0
16.996996996996998,0.0,0.0
17.037037037037038,0.0,0.0
17.077077077077078,0.0,0.0
17.117117117117118,0.0,0.0
17.157157157157158,0.0,0.0
17.197197197197198,0.0,0.0
17.237237237237238,0.0,0.0
17.27727727727728,0.0,0.0
17.31731731731732,0.0,0.0
17.35735735735736,0.0,0.0
17.3973973973974,0.0,0.0
17.43743743743744,0.0,0.0
17.47747747747748,0.0,0.0
17.51751751751752,0.0,0.0
17.55755755755756,0.0,0.0
17.5975975975976,0.0,0.0
17.63763763763764,0.0,0.0
17.67767767767768,0.0,0.0
17.71771771771772,0.0,0.0
17.75775775775776,0.0,0.0
17.7977977977978,0.0,0.0
17.83783783783784,0.0,0.0
17.87787787787788,0.0,0.0
17.91791791791792,0.0,0.0
17.95795795795796,0.0,0.0
17.997997997998,0.0,0.0
18.03803803803804,0.0,0.0
18.07807807807808,0.0,0.0
18.11811811811812,0.0,0.0
18.15815815815816,0.0,0.0
18.1981981981982,0.0,0.0
18.23823823823824,0.0,0.0
18.27827827827828,0.0,0.0
18.31831831831832,0.0,0.0
18.35835835835836,0.0,0.0
18.3983983983984,0.0,0.0
18.43843843843844,0.0,0.0
18.47847847847848,0.0,0.0
18.51851851851852,0.0,0.0
18.55855855855856,0.0,0.0
18.5985985985986,0.0,0.0
18.63863863863864,0.0,0.0
18.67867867867868,0.0,0.0
18.71871871871872,0.0,0.0
18.75875875875876,0.0,0.0
18.7987987987988,0.0,0.0
18.83883883883884,0.0,0.0
18.87887887887888,0.0,0.0
18.91891891891892,0.0,0.0
18.95895895895896,0.0,0.0
18.998998998999,0.0,0.0
19.03903903903904,0.0,0.0
19.07907907907908,0.0,0.0
19.11911911911912,0.0,0.0
19.15915915915916,0.0,0.0
19.1991991991992,0.0,0.0
19.23923923923924,0.0,0.0
19.27927927927928,0.0,0.0
19.31931931931932,0.0,0.0
19.35935935935936,0.0,0.0
19.3993993993994,0.0,0.0
19.43943943943944,0.0,0.0
19.47947947947948,0.0,0.0
19.51951951951952,0.0,0.0
19.55955955955956,0.0,0.0
19.5995995995996,0.0,0.0
19.63963963963964,0.0,0.0
19.67967967967968,0.0,0.0
19.71971971971972,0.0,0.0
19.75975975975976,0.0,0.0
19.7997997997998,0.0,0.0
19.83983983983984,0.0,0.0
19.87987987987988,0.0,0.0
19.91991991991992,0.0,0.0
19.95995995995996,0.0,0.0
20.0,0.0,0.0
